CREATE TABLE IF NOT EXISTS `pole` (
  `P_ID` int(10) NOT NULL AUTO_INCREMENT,
  `P_LIBELLE` Varchar(45),
  PRIMARY KEY (`P_ID`)
) ENGINE=InnoDB DEFAULT CHARSET=latin1


CREATE TABLE IF NOT EXISTS `programme` (
  `PR_ID` int(10) NOT NULL AUTO_INCREMENT,
  `PR_LIBELLE` longtext,
  PRIMARY KEY (`PR_ID`)
) ENGINE=InnoDB DEFAULT CHARSET=latin1;


CREATE TABLE IF NOT EXISTS `ec` (
  `EC_ID` int(10) NOT NULL AUTO_INCREMENT,
  `P_ID` int(10) NOT NULL,
  `EC_NOM` Varchar(45),
  `EC_PRENOM` Varchar(45),
  `EC_BUREAU` Varchar(45),
  PRIMARY KEY (`EC_ID`),
  FOREIGN KEY(P_ID)
  REFERENCES Pole(P_ID)
      ON DELETE CASCADE
      ON UPDATE RESTRICT
) ENGINE=InnoDB DEFAULT CHARSET=latin1;


INSERT INTO `ec` (`EC_ID`, `P_ID`, `EC_NOM`, `EC_PRENOM`, `EC_BUREAU`) VALUES
("", 1, "Jean", "Pierre", "T123"),
("", 1, "Marie", "Pierre", "T124"),
("", 1, "Kevin", "Deho", "T125"),
("", 1, "Marc", "Lermercier", "T126"),
("", 2, "Benoit", "Jacob", "T127"),
("", 2, "Jeremie", "Vincent", "B123"),
("", 2, "Franck", "Jasper", "C123"),
("", 3, "Didier", "Bourdon", "D123"),
("", 3, "Arnold", "Swarchtz", "E123"),
("", 3, "Joseph", "Paline", "F123"),
("", 3, "Albert", "Denstein", "G123"),
("", 2, "Stephanie", "Monaco", "H123"),
("", 1, "Carlos", "Tevez", "H124"),
("", 2, "Rigobert", "Song", "T123"),
("", 3, "Christan", "Gerbert", "Z123"),
("", 1, "Mickael", "Isabey", "T1333"),
("", 2, "Mickael", "Pagis", "T129"),
("", 3, "Daniel", "Brody", "T113"),
("", 1, "Carrie", "Jacobson", "T111"),
("", 2, "Saul", "Pleureur", "T112"),
("", 3, "Martin", "Matin", "T113"),
("", 1, "Gerard", "Mere", "T114"),
("", 2, "Gabriel", "Heinze", "T115"),
("", 3, "Phillipe", "Barrand", "T116"),
("", 1, "Lewis", "Hamilton", "T117"),

("", 1, "Jean", "Pierre", "T123"),
("", 1, "Marie", "Pierre", "T124"),
("", 1, "Kevin", "Deho", "T125"),
("", 1, "Marc", "Lermercier", "T126"),
("", 2, "Benoit", "Jacob", "T127"),
("", 2, "Jeremie", "Vincent", "B123"),
("", 2, "Franck", "Jasper", "C123"),
("", 3, "Didier", "Bourdon", "D123"),
("", 3, "Arnold", "Swarchtz", "E123"),
("", 3, "Joseph", "Paline", "F123"),
("", 3, "Albert", "Denstein", "G123"),
("", 2, "Stephanie", "Monaco", "H123"),
("", 1, "Carlos", "Tevez", "H124"),
("", 2, "Rigobert", "Song", "T123"),
("", 3, "Christan", "Gerbert", "Z123"),
("", 1, "Mickael", "Isabey", "T1333"),
("", 2, "Mickael", "Pagis", "T129"),
("", 3, "Daniel", "Brody", "T113"),
("", 1, "Carrie", "Jacobson", "T111"),
("", 2, "Saul", "Pleureur", "T112"),
("", 3, "Martin", "Matin", "T113"),
("", 1, "Gerard", "Mere", "T114"),
("", 2, "Gabriel", "Heinze", "T115"),
("", 3, "Phillipe", "Barrand", "T116"),
("", 1, "Lewis", "Hamilton", "T117"),



CREATE TABLE HABILITE (
  `EC_ID` int(10) NOT NULL,
  `PR_ID` int(10) NOT NULL,
  
  PRIMARY KEY(EC_ID, PR_ID),
  FOREIGN KEY(EC_ID)
    REFERENCES ec(EC_ID)
      ON DELETE CASCADE
      ON UPDATE RESTRICT,
  FOREIGN KEY(PR_ID)
    REFERENCES programme(PR_ID)
      ON DELETE CASCADE
      ON UPDATE RESTRICT
);

--
-- Structure de la table `etudiant`
--

CREATE TABLE IF NOT EXISTS `etudiant` (
  `ET_NUM` int(10) NOT NULL AUTO_INCREMENT,
  `EC_ID` int(10) DEFAULT NULL,
  `PR_ID` int(10) NOT NULL,
  `ET_NOM` Varchar(45),
  `ET_PRENOM` Varchar(45),
  `ET_SEMESTRE` int(10) NOT NULL,
  PRIMARY KEY (`ET_NUM`),
  FOREIGN KEY(EC_ID)
  REFERENCES ec(EC_ID)
      ON DELETE CASCADE
      ON UPDATE RESTRICT,
  FOREIGN KEY(PR_ID)
    REFERENCES programme(PR_ID)
      ON DELETE CASCADE
      ON UPDATE RESTRICT

) ENGINE=InnoDB  DEFAULT CHARSET=latin1 AUTO_INCREMENT=39 ;


INSERT INTO `etudiant` (`ET_NUM`, `EC_ID`, `PR_ID`, `ET_NOM`, `ET_PRENOM`,`ET_SEMESTRE`) VALUES
("", 1, 1, "Gotlib", "Marcel",1),
("", 2, 1, "Gerard", "Berbard",2),
("", 3, 1, "Gomis", "Ayme",3),
("", 4, 1, "Golfeur", "Patrick",4),
("", 5, 1, "Gauffrier", "Marie",5),
("", 13, 2, "Bardeau", "Didier",1),
("", 14, 2, "Perrier", "Leonard",2),
("", 22, 2, "Vichy", "Celestin",3),
("", 13, 2, "Peligroso", "Sam",4),
("", 13, 2, "Follet", "Ken",5),
("", 19, 3, "Bristol", "Vladimir",1),
("", 17, 3, "Gorki", "Maxime",2),
("", 17, 3, "Brecht", "Bertolt",3),
("", 15, 3, "Dostoeivski", "Fedor",4),
("", 8, 4, "Kers", "Helene",5),
("", 9, 4, "Potiron", "Sophie",1),
("", 9, 4, "Ingalls", "Laura",2),
("", 8, 4, "Merlu", "David",3),
("", 20, 4, "Py", "Pablo",4),
("", 24, 4, "Aragon", "Louis",5)

--
-- Contenu de la table `ec`
--

INSERT INTO `ec` (`EC_ID`, `P_ID`, `EC_NOM`, `EC_PRENOM`, `EC_BUREAU`) VALUES
(0, 0, NULL, NULL, NULL),
(1, 0, 'TAMERE', 'TONPERE', 'B333'),
(32, 3, 'Bebert', 'Reporter', 'T3131');

-- --------------------------------------------------------

--
-- Structure de la table `etudiant`
--

CREATE TABLE IF NOT EXISTS `etudiant` (
  `ET_NUM` int(10) NOT NULL AUTO_INCREMENT,
  `EC_ID` int(10) DEFAULT NULL,
  `PR_ID` int(10) NOT NULL,
  `ET_NOM` Varchar(45),
  `ET_PRENOM` Varchar(45),
  `ET_SEMESTRE` int(10) DEFAULT NULL,
  PRIMARY KEY (`ET_NUM`),
  KEY `FK_INSCRIT` (`PR_ID`),
  KEY `FK_SUIVI` (`EC_ID`)
) ENGINE=InnoDB  DEFAULT CHARSET=latin1 AUTO_INCREMENT=39 ;

--
-- Contenu de la table `etudiant`
--

INSERT INTO `etudiant` (`ET_NUM`, `EC_ID`, `PR_ID`, `ET_NOM`, `ET_PRENOM`, `ET_SEMESTRE`) VALUES
(27, 1, 1, 'rearea', 'rarea', 33),
(30, 1, 1, 'aerraerae', 'raera', 23),
(31, NULL, 0, 'aeea', 'raera', 32),
(33, NULL, 0, 'reaer', 'raere', 3),
(34, NULL, 1, 'erarea', 'reaea', 3),
(35, NULL, 2, 'earea', 'ARAEAR', 3),
(36, 0, 0, 'reaer', 'eaee', 3),
(38, 32, 1, 'Obeidat', 'Hamza', 1);

-- --------------------------------------------------------

--
-- Structure de la table `habilite`
--


--
-- Contenu de la table `habilite`
--

INSERT INTO `habilite` (`ec_ID`, `PR_ID`) VALUES
(8, 4),
(9, 4),
(10, 2),
(11, 3),
(12, 4),
(13, 2),
(14, 2),
(15, 3),
(16, 4),
(17, 3),
(18, 2);
(19, 3),
(20, 4),
(21, 4),
(22, 2),
(23, 3),
(24, 4),
(25, 4),
(1, 1),
(2, 1),
(3, 1),
(4, 1),
(5, 1),
(6, 1);
(7, 1),
(8, 1),
(9, 1),
(10, 1),
(11, 1),
(12, 1),
(13, 1),
(14, 1),
(15, 1),
(16, 1),
(17, 1),
(18, 1),
(19, 1),
(20, 1),
(21, 1),
(22, 1),
(23, 1),
(24, 1),
(25, 1)
INSERT INTO `pole` (`P_ID`, `P_LIBELLE`) VALUES
(0, 'E92QSRXGNFR1QE HW19H8EBLWT0EF4XM7GFN0MU78TJ4NW8XQCYIQAHH1DL6Y M8XQ2XBJJKVDPE3QQNB9 X0CS6A6W6D699OWUDL4JD9AW2LJYM5L3MIFVY4Y3BB1YJBUG2WHOAQSRNVEQJC91TUXTSPF5QKIBM8DJCFA8PB5PYS1BVQ4C0TR3IVE1V218YLGNTIPWTNM61CLDWP2JYCDMQ4NMGXI4M5 7FOHRM1JGAQU NE3 QISNSK0LHDIQ'),
(1, 'NHFMV5 SVBQ83MIAN1AJPU2EAGOQ7OF16MVDETCR42OA0VRB62H4QYEO7AVJA25TYBRUK 3WSD8JYT3H58W6W5XQG5V67 81W3KY1UWIGUWXHBAO0D7XP6TFOFTFS7DQ144A6NB1ULG5O606EWIECQ3XM18XHM9BK2PAXMVBSB7PDBVF4P9ELMOO9D51F5EDV31501WEB6SUXOC81ADJ MFDNEVWDQ8UEW6UO9QOLX9MJ6TLBL36NL213M6HQB4'),
(2, 'AKTU5DO58RAS1DRWEAU4GNTBAA9JE94PXATM8EBPBB H0AJBMM7G0PYU YT3934B0NA0DISFO598BTKF89 6IVV950OAT4WOG18BXXRLYRU8KEVHO5TM1373DYMVYXUV8SW S7P2QLNVVV7GH0MCAM9JA6SU2J5OD4TNEDUENYXNXF5V4KK1E75HJYIA3EQGV8U1NT6SC579YR0 7E5J3YUGTIIHHDCAU3331EK1K9BKOUYO902VNC LTWOT9NI'),
(3, 'U63U5JCEJF YOEOUJRW  LMQ1DREC6E9LI1FW79ABY1HEOYL2APOGBYR F2LOS0PWAAY4YSO3KCOK0N53MDTE4D1CGLS1XGTPXVQ17XY3 YRTUUE727Q1NG8JL5RIJX8CNE3UNT0VRI0ORVRHR6UHPVGBR892YT6KG5GNAOAE7CNLQ54EJWITGIFVO02MQK9K338EE0P1EG W09YS3M7X9CDSS9 XRXRV4SV1JCRN6GDV0 9XVACQVJ01DIVQ5O'),
(4, 'BM81J3W9VRU1TMR6XETHX837N6KEYAC2KH5I O4RGB4M BB B124CFWMG9SJ32IIO3WCLTE4Q7BS1H2NN8AVC1SXG7XH2PCNT5JNCXNN SHV6S2EKCMLMD1GXKKV7AM72PA3K7KODTOSYT FL2BP6KMJY7CUBRWYG0IS0OEM 97XDU307BU4HF4MM853LSAOSPOGV23WUFHAUYFHOBSAFOU4U2 ULWN5XKJBNY9XUT3B32L5CKX89QPIHE0UDCE'),
(5, 'KQN6AAS11K3H85SC05HIVE 49VST2J2DW61GKF0DFNV5VVNXRASV4NFXT V9FAGWHYBEP95VMDDLG4S3C899VXG3348 QLKR9ENQVI9NK6L49B79VOWVPM5JQM5B91YMMOY468IBMA42H6 9X7EX6ESOTIKN5HCKBPNDLQB2JNAU7ODJI21RP5TDSQ4EE2LDK5X90J6JH20UE4V20DULM5T5IX3 Y6O6XHML8IQ002WJ 11B71GT8VLY9IEUPJR'),
(6, 'GHVIVDJFHD9N5ML8KJ2HHX8GN2HULMCULRG6P2I7FU0 R8R1XMOG37LJ2OW1351J HRDXRVPN1P3LNWMWQJ3S5JGO1AJAO731VGA5 95RFB73TMEOQ5Y47TYAT F6K4XLI1TY6OWXTL9SGTWUYW8QSL0C16HQ2CN3EOIYNCGSE4T69ORL2XT968PR4T20AO2HYGJVOSKLV85SUOVN637EJDC1WMA3A837 5RDDT008139OL88V4LV0 A5N4T10E'),
(7, 'CE7US9FPMU8RQMVODDDT82UB8NCW9QTI67QEVNDPU MJFWEONF832LDMF5S10FOYQCGMDR7VTRF2SJY938529IUHC NP8HJOMFX3NSJPHLNN4P8O8DTYH9B8F2H93V07DWXNJEQ9TTJRC1OTP853VNIQ76988TERN5L8IK0BTNOYWII645F13W0L5Y4BU3V63HAWGR98J8U1NJRY7D5GCO41U1KCLSA E3PYVS841M5Y5Y71L257C 1YVXBBRFE'),
(8, 'OE5 O8PHEMYTEREGBHLUOLB1KGIIKNINHPX6 E3F M QQOKK95SYND1LCLYFXIPY142 F7CCV08X8Y U37TVBRSC0WE1AVWU7FNDA2IB2VJ50J35BEJATIM9R3WB4I0Q3GARM0PCWJBHX0DDNQBB51NA013JRU1W394YBS1A GGHONC8792F1B0AKR7H7Y JX1V6 PNY67E2QCIC9A9K03VYEFW8BJXPK4P  UR0OK3L9MFAF8V0COF UEFDP1Y'),
(9, 'XVSM5YLKQYT4VWSMX566GCCBYY28IMXB24IAKFGIKWN87FJYRY2PBLUOOTANGRJ012DIHD8LB1PW18IX29T7HFYM1EDFMK98VV9XYQDPI7WSI PLYULKFNOK6KXW336 WUHQV3CQVDK0L3AUYI 4FO RHE4XO0E5PF1FXQOCHLN21MDJRB7MKLVEN1MO1P2H77AYJJV7M5KVC74EEGX6N3GKNUNSK7EQJX7MY2JVYIBQT8R478ECCMRAPBY9G7L'),
(10, 'SF057XUV9307ER8LAAN4RM30CQQNID37GGRN0QWII4YUYGWGKVNUUXV4DYL0IN4G1TJXX6FVMVVEQNDO6 A8H1K7MGVGF355TP EUOD6YID2BWCIS0JI4WSK645IS604PSF5SI1XDPXQBLS9IT6MA9FSR9RE9BS9413YQ XQBESYD4YI1LS4GTQKHKTYHQVP YV6P7WCP1YX4PCWJ0NA753P358P5OYPRBKWT72P1E8GBHRAS3XY5RB8TJQUY8X'),
(11, '3AGXJH1I9N7TD5KCFNGMP257IJ DTOR3YFIONF1HOYVWMNJ2EFFWD0AA3POBPSBOFKUJRIIEGSSD4CCUCWW974 LAD11QYC3MPVFAJAWSX2A  4MPSS3C9WI6J6I8G7IFE271HS3MQSIPEHQSJ4O5G5TLW7NTQTFHXYL1FWIP84X0MMVN8V7DWEQ6VA8BELRA517NN20K47AXU873K4RXXWVBGMXX7IW0NXMFK9YHQ87SEJ9T  C32E88BDD324'),
(12, 'OWMP7SGM0KOEQWNMG693OYG5DTCXBIBMD32TW38PY0 J3IE1BGK45FGKGCU3L4FI2D77WAEYUC3W1TG2VC58M6Q1X39RSALF7IUKB1 CXA3C2MS29ONT68CJ5D 1PJ98LHE06R4TMPO8HDDAUH6OOCGWPMWF16YM9DS06HX7PL AB28XC G QT6YHEHU8378JIGHTXK956QMEIF3QIODRPQDNJNPJUKN09DRFD9NBR6UD11S8LLWXOCRMWYOYMN'),
(13, 'RBPCP7THSDYH867E050HTFLA5N K10CVDBSDI3Y73GV7R6QGHPXFCT7RNK03061LAA7F VNM6K9NJYGB5PE CVN9NJ5IEORR2UGEMDPMKMT418IVNJK LGOS7OAHJT3YE4D KFSGTXKMHPXAQ3Y0LEVQJMPEFRJW5R6PKWGLQH YP5N0CTJFEMUP K2GQVGQC0JT3S8T8P0P4EJQLOOFV1 M19IORF5S5JKD9YJ6FMX8XAAGQ55XCNNPDXHRHRU'),
(14, '6H0Y7QD49470964NGV1949NU9H7 1XLEJT4NPM52FYS04JI4BDUC3U 6 HMFK5PWXYKBB1 4HDKHHQBQR0KSKYY3TO124T25RO3 6RP2D 091Y7QCEMLYGAI6X538LSYOFTI3N0Y2X  5FPMRMUGF5NNQN J08WKI1BHIKJ6UUR2SEC7WEJTRYO17R28CJCC5YJ9JEVB W1PM6IKRXB DRUDLO8RPAY1O6U0 4EC0VVWY2H2IW9 EKISWFTH7BI'),
(15, 'MCXKDLUCWF9QCA0K0J51NKHWU1DN7T 8O9A043KI5I553GW2JKAUCXJITYLC8UJ78L4OE40LQHMPRYTQNJHLO4IXGFM5D69OMTFOBU AQC4AUIN9J6W8VVI488EGRNQ WWDX4JVQ1N4S23QR4VKRE27EFSYHSC4 XM0CFNKGBN5WIV1P5NN YPQH359I5E4TABJQ5TJD09P9I1 257CMK TI23EKU8X6G04RGQQUD2DFM1J3FVTDK8O1  FN3AA'),
(16, 'XCQWWLBIP0DAIC6UIYTE5SD1QC59V XHOJY0OV7FXGFJASLDNW3FQUAAF46REN9DMLKBUV2GJPBP7AE  R4R2OWRRYT 8W3 FN62Y9EI KTOPR6 19Y9SLC9KQS HVB0F GSO50BFWLQEK3CX6O4OK4E9AP4A67UMTSAW75BNL8A2MKVJ77POY8J1J4001FOPGNMNNIT2K86OEI7B7ESVR1ULFHL663IX8A5254UTS FAV7NF0 DJHB9EW50HTO'),
(17, 'hetic6'),
(18, 'QESM1LG7WUK4IA1IM 9I5LPGWQEHSBLR7P2V9R76MVYTE0 O0RM4E81FIGOKDA 7W25ON0VLA 26OEBNTI31QYMEJG97T38QDYVXQY03AEKMCT2RGGEGO77LN56NLNYPSAS652FIGRR8BNGFQ6Y9VGODXD6T8Q2OQC8NHQ8Q83VRN31A3O01Y0B93CTA71RBGUC6E7SWITUMCAN4IEKWK5NYCPG934IHMW0AKQR9TRDWHBETF3HRF0GADI7OGI1'),
(19, 'H4KC77J8TD7FDJPH7Q5D206XGE3SKN0V7Q5PU1SLC  WYDAL4VV6PUH4VI1 GYMKDDWU41FARARBYYAD9Q7M1TWG943U9VPY9A8W LK180KSCQO5WS437OG7ANE9JQID43OFST3JU6MYIW387QPFSXRKEP8NEM172LXMCMHJK19Y4FU39J94SW7U480WAFXU5 U7TPWUA81JF4U31I72KNQBQHCI2TDQBLFCSK58TLLVXHPOH65RX30BJX0G 7D');

-- --------------------------------------------------------

--
-- Contenu de la table `programme`
--

INSERT INTO `programme` (`PR_ID`, `PR_LIBELLE`) VALUES
(0, 'TC'),
(1, 'ISI'),
(2, 'SI'),
(3, 'SRT'),
(4, 'DKROU7QPGVMB2H0KYBM6V26G2DRNYTWE44GSW5FLEQT2JVT3DBKVJ833KIIL5YMT3NXG2PM5VO3N95SN6G H8U0GEV0Y0G8MMM4XQVG5OEKXVSTS3YDS 1V39HGKABYIP22ELUNUGAFQ8DCFJQBE424WQ2Y5 QHN8RTYMYDTLCTPJOBWQCCUADP72YPDE20LT2GL3RD2B8YH6LA P12MCI5QD5 S5SB9T149HVY2LB4KX78S9N41H8ILHA1U3JQ'),
(5, 'SPV 8D0RBKVXD6BT5YPP9NYD6D D2C49KFFNHC397K3OR6EJF8H6VE1TLTYGPT02Y67VL7VTOMX3PVA6RVHSOPYFFBT1JQH6EYDFHMFC97APVIIH61M0GKV0GUPUM8ISK JIQ0XMWXLFQ L30 DSQOXBOMC0R 7 EM RREJBQJTMIU3JV3NFRED FY 3LFNQ7BG5REJ17YH06BNBN00NNQDL8EC0JLW0GS65PE3C18LRL9UQIFHK9C9M0JS5Q65'),
(6, 'DWICJ6128I8MBFPRGO7YMJK6WF RX3STN 6G7AGUC80R85KOCT0LTLB89XUIFSJQHIBWOG64SDDO6K 27QFRCT8U GJYDLMGHU0NDQDNK5V0LN7IPRO1UGULIQ8SX96TBANS6KXUPQBIEU95H4A2J4IPGBEVSV4DN0VKMSNSA5U43YXU8Y2O6VC2EQS68Y4B76NGOM05ECTVO6T4PC3V 688WDFV0FNFQQ7YVRAC67W1O694O8RTSUVEOKNAGM '),
(7, '9QF0RGQ37867RB7G7YQC7WVK0A4G983C26IGE0NHPIME0SO33CMNLFEJOGN8HSKFC1WKH69Q68JVRAQWS802K6D7D36OM6RABXUQ050NH352QRWD1LEGYXO10NP4RC9JB226L9A9O849F2RAUVND9E6QP1LRO8H3U5MULSEYWFJHW5NP8237MIMAPRLITRS5LG1JY4JEHXUMW2V HNE2T3O FWW39YF6DS7RAMTGWHY8WQOO OOXA1VEFX20QUL'),
(8, 'K0T KCEJL8MQFA8D2X8NQ8JADW73A6JK6XD7O70543I  MEWIMIL30BS6CDNJMOCEKLP2MJB67F SQM64MGY0SA4605BJKARUNSXUOYCVD2WMJEYW6EX6JRNIWSK7CO1V1CQF9WP8RADOQU0QXW5T1NU3BSA 0UHW0VMO0LS8S3OJST6EOLWHUL4WSN1MHEH315LWD 2P4OJ70R9NLCX4ASYO67SCDOCPW26RLO1FQB93DS6145H4G7W6KA3Q5L'),
(9, 'FO37LGCJ0C0IB759HTG74U9PU1EXQ6Y66 BO7A8SLNGIGU1UFG3E VRPFO 4MDLB9 THME6BX52FOSDXIXOH1L2CUTY421ANGDOHH63NM5C  610FABA21EA4LC3SDQDFJ3HMAFP5KUUR8I0Q67K3FFQ4O85PQ55LG758G5UQW2JKGQ7Q KYD2E7HIOA2MAX3U93SMRTEEOJBD9DGQK1IF3NK4SFGOE6Y1IUYTARWYA67P4MT1J8E8SFL7QCMQB'),
(10, '104UL9RT81TAKKLQK2VWXDPNYNRLYE6DUD2HNPAT9JH4SXOHNY509Q3 7V1AF8XTR5FEPQ80GEGW6FF6WC3OFCLK29QQEDF2ULIPJCVRXK13QB64P65SV2TRL RL2HVYXAU69A6HNCONTQXLGNVTHK02PE340319U44 H4QMJAX1AIAXEA2RIA5W99V27EDWA65W67SPE8J9ABLHNUM6MGSR1HHO3H1OUYX8OM97X9FWFKROCEM2X167ODDSG6T'),
(11, 'J13LRTAPORSN1RIEWDB81WU7SQF5RI23FCLHWSUDOEJE9N4TMO6W8FGF3QINGWI0B0P H5R5UAE2PY6VD W49T71Q1OT9MQA7B0RYXAJTQO62W86M0OKCS7YCXCQ55ND5EBJ8KFR81UEJ4MYXC 45FENOL5NL9096BQAUT0NTBQKUNH3WHJRYAFAD520K9AQF O2QXLPALEPAYP55UFOJATR8MBDLRT40AR3IKJ4EW9XMW BAQW46QSI0WDHRVN'),
(12, 'V7HRERQXLGHAXNNUQGM2LTW989HIRR5A2506R48THOKG8XTEBT6OI34UG91Y7V44JS NTXDENY3EMPB76GJVMVPJT8C E2XGN6KXICMBG9DPQBGR M8ADWT2HXHI MYCDPOFXJWCV1CI70QRXXN3EQX97FF0PPU369384L8EE3UORYX1SGV87WS37ATN7FK222A06E1J0NFP365KSMS7HSFS9D5BATCWKRK68U009BIT0MSJQA49SP5LO3OHORO'),
(13, 'QX 7SRBB8U3KQNEVHG9PX57CAI3ORPRCTIEN8IHW7LY6EDHLVRCHF8D2E2UUC1VE21I8GRVP29GV8F4 7YX5UBTWDR4FLBDTKLC9KD5UKS0D73R552B4BFU94X8RYGOLQ3G7LH62WUUI8YTTYSFTUSU24O53SOD5G55GIG0JNWQ33U274QWOA0GU3UKSBH9H08DI41R2T95XHX92N7X7GWEL93P7ON752KOT87SVTY7Y2MEPWBHW3KJV7UKQ 8A'),
(14, 'Y6EEUVO9DUH5PWA5QARGH6AQDF04KNGCI36EXORRM2Q3AOQCA30M88SK0BPFT2YM5HHAV9D7YKMWUK75UB1IGVJPR47TLNDDHQ7KCWYAFE226NUF4X1W75JB906GJTYBEGU8SH2NDWJJSLSX66PUCUUIHDT 2KT72GALFKAUEF K QAA9BAYGBK9POVECK6MXL4DBD8BDLXXT4K2 XJ5 LSHFLN5E6B1O BR6RHFI4EQ6EUP7LRT2FO0HXW3XDI'),
(15, 'XDTGANAQG7XYIOUGL35SNO5FJ N0EGS2L8IMY24OL92R8SIP02K WLQ6P9WTRDRA8WMH3J31VMPE7OYY4TX72AX81 YR8P8M07S5I0QJAM717DIL0DKX750UY39Q9CSEY8WCC660RU4DEL42OYV2M6YBUUE6O R20G 99I89154NCXCS06F46BF XN45T0041J6N79E3VN0M0OH8UT0415P7CDD5AP61RHSTKHQGVRSKR FYU1HLT6RC715781H'),
(16, '6O5BYH6JSGSQ1AMOYP 4ASF0Q CRT7KQ5DQ6HGJO6XD35MXC47V1 26YS0KIV6BX60XTYL2 XV3F8DSU40E5LDQR829SGODDXX2G0BWDEA4GCRRUD4UYP1C OF140GWSLSAXAXD0KNELGYN2T 8O1AJADP7S51D VRGSIK74VSOXO0KGXDB69B5H0XWNFYJ00BB8DEA4DYG43UX2PJQX448MWL08GMG SFB1MDWLJR0LUCE6Q3T4EO5SSI7SWCE'),
(17, 'HPOOEBOW81XJMYRPU4W3GAAEF0D 1U SC5O8V2DJ747Y 2RX7AYI5TFK7O9H82WIDUJ3PX95L6EC81QK6WKVG9CMRM77T7OO1L7SJ6OYYJLORVVCU68RTO92R6GMGJUVV3S0KJSTYJ62I03O78U 4F84WLIFDNRBFXULH3H8BCUQ B6NB5FEWD0NU06HBMKWBM1KKEFEP3I340MXAWG55P64CIJSIW474JG3KD46XQDRIROY9AJFF25Q500GRC5'),
(18, 'G30 T6P P 1XJ8PRF1DLNQDEPJS16O0MFVSJPDUVWUTB1W2B13WDTKDF5M1FKF2FEK7 J8SWWTWO132NB5ADFKAIA5ATSPAFCES44FSJFTVHAP5J11K2G60 912W8PFUYQV I4J3YR8HQ69NRJH4YC 2T7TJE3INHTSYV34LKLESHINAKHVL6LYMEMW Y61LX0QNJKYV2ANOR70N9QCQKW2G2BKOQPY9XPS1 BXJSV7SYCHMB7G3NVX0L9 DO0J'),
(19, '70M2UB8LERH206YFPXIOTW6QFCI1WDB5UVNY JIRYETJBS 8A9XSB7T2UNCFA5LY34J0GPHFF9UUON3D0K5AY3VVSB31AO10GNYKEGE0QM0SYEKDPQTPHHRY35Q9SDLO1CE870YQLRQF680FSNDSVSGY9W1TY8N4K5CXD19IA0A3IWJOCA8L6266EETQ QY9J15UJUS6SPVH9OLV5MPGNRNTCKO9AWOV 01HL6G8P8LIYB2OMO 0O 0TI98 GAF');

